ID,Name,Description,Description_ptBR
0,-,-,-
1,SENSOR_MODEM_ON,Status of cell module on board,Status de cell module na placa
2,SENSOR_MOTION_DETECTED,Source: Accelerometer. Start: instantly. Reset: delayed,Fonte: Acelerômetro. Início: instantaneamente. Reset: com atraso
3,-,-,-
4,-,-,-
5,SENSOR_SYSTEM_TIME_PRESENT,Status to indicate whether system has a valid time,Status para indicar whether system has a valid time
6,SENSOR_INSIDE_GEOZONE,Status to indicate whether device is currently inside geozone,Status para indicar se o dispositivo está atualmente dentro da geozona
7,SENSOR_POOR_GNSS_SIGNAL,Set when device has GNSS fix but Satellite count and HDOP is low,Ativado quando dispositivo has GNSS fix but Satellite count and HDOP is low
8,SENSOR_GSM_JAMMING,Status to indicate whether cellular connectivity is currently being jammed,Status para indicar whether celular connectivity is atualmente being jammed
9,SENSOR_ROAMING,Status to indicate whether cellular connectivity is currently in roaming mode,Status para indicar whether celular connectivity is atualmente in roaming mode
10,SENSOR_GSM_REGISTERED,Status to indicate device registration to cellular network,Status para indicar dispositivo registro to celular rede
11,SENSOR_GPRS_REGISTERED,Status to indicate if GPRS service is currently available,Status para indicar if GPRS service is atualmente disponível
12,SENSOR_PDP_ACTIVE,Status to indicate that device has currently active internet session (PDP),Status para indicar that dispositivo has atualmente active internet session (PDP)
13,SENSOR_PREFERRED_OPERATOR_ACTIVE,Status to indicate whether device is currently attached to preferred operator (only active if operator list is assigned in settings),Status para indicar se o dispositivo está atualmente conectado ao operador preferencial (somente ativo se a lista de operadoras estiver atribuída nas configurações)
14,SENSOR_GNSS_SPEED_PRESENT,Status to indicate that speed value from GNSS receiver is above 0.,Status para indicar that velocidade value from GNSS receiver is above 0.
15,SENSOR_SIGNAL_WIEGAND_ID_PRESENT,Status to indicate that card ID value has been read using Wiegand26 protocol. 4 second reset delay after removing id,Status para indicar that card ID value has been read using Wiegand26 protocol. 4 segundos reset delay após removing id
16,SENSOR_IN_2,Status to indicate that IN2 has voltage above value configured through digital inputs threshold setting.,Status para indicar que a Entrada Digital 2 está acima do valor configurado no limiar de entradas digitais.
17,SENSOR_IN_3,Status to indicate that IN3 has voltage above value configured through digital inputs threshold setting.,Status para indicar que a Entrada Digital 3 está acima do valor configurado no limiar de entradas digitais.
18,SENSOR_IN_4,Status to indicate that IN4 has voltage above value configured through digital inputs threshold setting.,Status para indicar que a Entrada Digital 4 está acima do valor configurado no limiar de entradas digitais.
19,SENSOR_IN_5,Status to indicate that IN5 has voltage above value configured through digital inputs threshold setting.,Status para indicar que a Entrada Digital 5 está acima do valor configurado no limiar de entradas digitais.
20,SENSOR_IN_7,Status to indicate alternator voltage (virtual ignition) through power rail. 30 seconds to become 1 from 0. instantly from 0 to 1. threshold=13.2V,Status para indicar alternator tensão (virtual ignição) through energia rail. 30 segundos to become 1 from 0. instantaneamente from 0 to 1. limiar=13.2V
21,SENSOR_IN_8,Status to indicate that selected ADC channel is above threshold set in the settings,Status para indicar that selected ADC channel is above limiar set in the settings
22,SENSOR_ONE_HOUR_TICK,Set for 3 minutes every hour,Ativado por 3 minutos a cada horas
23,SENSOR_SIX_HOURS_TICK,Set for 3 minutes every 6 hours,Ativado por 3 minutos a cada 6 horas
24,-,-,-
25,-,-,-
26,-,-,-
27,SENSOR_STATIC_SIGNAL_1,Signal that persists it’s value even after software reset. Can be controlled with TCP and SMS commands over the air or using scripts to control device functions,Signal that persists seu value even após software reset. CAN be controlled with TCP and SMS commands over the air or using scripts to control dispositivo functions
28,SENSOR_STATIC_SIGNAL_2,Signal that persists it’s value even after software reset. Can be controlled with TCP and SMS commands over the air or using scripts to control device functions,Signal that persists seu value even após software reset. CAN be controlled with TCP and SMS commands over the air or using scripts to control dispositivo functions
29,-,-,-
30,SENSOR_IBUTTON_PRESENT,Status to indicate when Ibutton tag has been read using 1 wire. 4 second reset delay after removing id,Status para indicar when Ibutton tag has been read using 1 wire. 4 segundos reset delay após removing id
31,SENSOR_BOOL_USER_DEFINED_0,Boolean type sensor to store custom values using scripts,Boolean type sensor to store custom values using scripts
32,SENSOR_BOOL_USER_DEFINED_1,Boolean type sensor to store custom values using scripts,Boolean type sensor to store custom values using scripts
33,SENSOR_BOOL_USER_DEFINED_2,Boolean type sensor to store custom values using scripts,Boolean type sensor to store custom values using scripts
34,SENSOR_BOOL_USER_DEFINED_3,Boolean type sensor to store custom values using scripts,Boolean type sensor to store custom values using scripts
35,SENSOR_BOOL_USER_DEFINED_4,Boolean type sensor to store custom values using scripts,Boolean type sensor to store custom values using scripts
36,SENSOR_BOOL_USER_DEFINED_5,Boolean type sensor to store custom values using scripts,Boolean type sensor to store custom values using scripts
37,SENSOR_BOOL_USER_DEFINED_6,Boolean type sensor to store custom values using scripts,Boolean type sensor to store custom values using scripts
38,SENSOR_BOOL_USER_DEFINED_7,Boolean type sensor to store custom values using scripts,Boolean type sensor to store custom values using scripts
39,SENSOR_BOOL_USER_DEFINED_8,Boolean type sensor to store custom values using scripts,Boolean type sensor to store custom values using scripts
40,SENSOR_BOOL_USER_DEFINED_9,Boolean type sensor to store custom values using scripts,Boolean type sensor to store custom values using scripts
41,SENSOR_BOOL_USER_DEFINED_10,Boolean type sensor to store custom values using scripts,Boolean type sensor to store custom values using scripts
42,SENSOR_BOOL_USER_DEFINED_11,Boolean type sensor to store custom values using scripts,Boolean type sensor to store custom values using scripts
43,SENSOR_BOOL_USER_DEFINED_12,Boolean type sensor to store custom values using scripts,Boolean type sensor to store custom values using scripts
44,SENSOR_BOOL_USER_DEFINED_13,Boolean type sensor to store custom values using scripts,Boolean type sensor to store custom values using scripts
45,SENSOR_BOOL_USER_DEFINED_14,Boolean type sensor to store custom values using scripts,Boolean type sensor to store custom values using scripts
46,SENSOR_BOOL_USER_DEFINED_15,Boolean type sensor to store custom values using scripts,Boolean type sensor to store custom values using scripts
47,SENSOR_BOOL_USER_DEFINED_16,Boolean type sensor to store custom values using scripts,Boolean type sensor to store custom values using scripts
48,SENSOR_BOOL_USER_DEFINED_17,Boolean type sensor to store custom values using scripts,Boolean type sensor to store custom values using scripts
49,SENSOR_BOOL_USER_DEFINED_18,Boolean type sensor to store custom values using scripts,Boolean type sensor to store custom values using scripts
50,SENSOR_BOOL_USER_DEFINED_19,Boolean type sensor to store custom values using scripts,Boolean type sensor to store custom values using scripts
51,SENSOR_BOOL_USER_DEFINED_20,Boolean type sensor to store custom values using scripts,Boolean type sensor to store custom values using scripts
52,SENSOR_BOOL_USER_DEFINED_21,Boolean type sensor to store custom values using scripts,Boolean type sensor to store custom values using scripts
53,SENSOR_BOOL_USER_DEFINED_22,Boolean type sensor to store custom values using scripts,Boolean type sensor to store custom values using scripts
54,SENSOR_BOOL_USER_DEFINED_23,Boolean type sensor to store custom values using scripts,Boolean type sensor to store custom values using scripts
55,SENSOR_BOOL_USER_DEFINED_24,Boolean type sensor to store custom values using scripts,Boolean type sensor to store custom values using scripts
56,SENSOR_BOOL_USER_DEFINED_25,Boolean type sensor to store custom values using scripts,Boolean type sensor to store custom values using scripts
57,SENSOR_BOOL_USER_DEFINED_26,Boolean type sensor to store custom values using scripts,Boolean type sensor to store custom values using scripts
58,SENSOR_BOOL_USER_DEFINED_27,Boolean type sensor to store custom values using scripts,Boolean type sensor to store custom values using scripts
59,SENSOR_BOOL_USER_DEFINED_28,Boolean type sensor to store custom values using scripts,Boolean type sensor to store custom values using scripts
60,SENSOR_BOOL_USER_DEFINED_29,Boolean type sensor to store custom values using scripts,Boolean type sensor to store custom values using scripts
61,SENSOR_BOOL_USER_DEFINED_30,Boolean type sensor to store custom values using scripts,Boolean type sensor to store custom values using scripts
62,SENSOR_BOOL_USER_DEFINED_31,Boolean type sensor to store custom values using scripts,Boolean type sensor to store custom values using scripts
63,SENSOR_BOOL_USER_DEFINED_32,Boolean type sensor to store custom values using scripts,Boolean type sensor to store custom values using scripts
64,SENSOR_BOOL_USER_DEFINED_33,Boolean type sensor to store custom values using scripts,Boolean type sensor to store custom values using scripts
65,SENSOR_BOOL_USER_DEFINED_34,Boolean type sensor to store custom values using scripts,Boolean type sensor to store custom values using scripts
66,SENSOR_BOOL_USER_DEFINED_35,Boolean type sensor to store custom values using scripts,Boolean type sensor to store custom values using scripts
67,SENSOR_BOOL_USER_DEFINED_36,Boolean type sensor to store custom values using scripts,Boolean type sensor to store custom values using scripts
68,SENSOR_BOOL_USER_DEFINED_37,Boolean type sensor to store custom values using scripts,Boolean type sensor to store custom values using scripts
69,SENSOR_BOOL_USER_DEFINED_38,Boolean type sensor to store custom values using scripts,Boolean type sensor to store custom values using scripts
70,SENSOR_BOOL_USER_DEFINED_39,Boolean type sensor to store custom values using scripts,Boolean type sensor to store custom values using scripts
71,SENSOR_BOOL_USER_DEFINED_40,Boolean type sensor to store custom values using scripts,Boolean type sensor to store custom values using scripts
72,SENSOR_BOOL_USER_DEFINED_41,Boolean type sensor to store custom values using scripts,Boolean type sensor to store custom values using scripts
73,SENSOR_BOOL_USER_DEFINED_42,Boolean type sensor to store custom values using scripts,Boolean type sensor to store custom values using scripts
74,SENSOR_BOOL_USER_DEFINED_43,Boolean type sensor to store custom values using scripts,Boolean type sensor to store custom values using scripts
75,SENSOR_BOOL_USER_DEFINED_44,Boolean type sensor to store custom values using scripts,Boolean type sensor to store custom values using scripts
76,SENSOR_BOOL_USER_DEFINED_45,Boolean type sensor to store custom values using scripts,Boolean type sensor to store custom values using scripts
77,SENSOR_BOOL_USER_DEFINED_46,Boolean type sensor to store custom values using scripts,Boolean type sensor to store custom values using scripts
78,SENSOR_BOOL_USER_DEFINED_47,Boolean type sensor to store custom values using scripts,Boolean type sensor to store custom values using scripts
79,SENSOR_BOOL_USER_DEFINED_48,Boolean type sensor to store custom values using scripts,Boolean type sensor to store custom values using scripts
80,SENSOR_BOOL_USER_DEFINED_49,Boolean type sensor to store custom values using scripts,Boolean type sensor to store custom values using scripts
81,SENSOR_BOOL_USER_DEFINED_50,Boolean type sensor to store custom values using scripts,Boolean type sensor to store custom values using scripts
82,SENSOR_BOOL_USER_DEFINED_51,Boolean type sensor to store custom values using scripts,Boolean type sensor to store custom values using scripts
83,SENSOR_BOOL_USER_DEFINED_52,Boolean type sensor to store custom values using scripts,Boolean type sensor to store custom values using scripts
84,SENSOR_BOOL_USER_DEFINED_53,Boolean type sensor to store custom values using scripts,Boolean type sensor to store custom values using scripts
85,SENSOR_BOOL_USER_DEFINED_54,Boolean type sensor to store custom values using scripts,Boolean type sensor to store custom values using scripts
86,SENSOR_BOOL_USER_DEFINED_55,Boolean type sensor to store custom values using scripts,Boolean type sensor to store custom values using scripts
87,SENSOR_BOOL_USER_DEFINED_56,Boolean type sensor to store custom values using scripts,Boolean type sensor to store custom values using scripts
88,SENSOR_BOOL_USER_DEFINED_57,Boolean type sensor to store custom values using scripts,Boolean type sensor to store custom values using scripts
89,SENSOR_BOOL_USER_DEFINED_58,Boolean type sensor to store custom values using scripts,Boolean type sensor to store custom values using scripts
90,SENSOR_BOOL_USER_DEFINED_59,Boolean type sensor to store custom values using scripts,Boolean type sensor to store custom values using scripts
91,SENSOR_BOOL_USER_DEFINED_60,Boolean type sensor to store custom values using scripts,Boolean type sensor to store custom values using scripts
92,SENSOR_BOOL_USER_DEFINED_61,Boolean type sensor to store custom values using scripts,Boolean type sensor to store custom values using scripts
93,SENSOR_BOOL_USER_DEFINED_62,Boolean type sensor to store custom values using scripts,Boolean type sensor to store custom values using scripts
94,SENSOR_BOOL_USER_DEFINED_63,Boolean type sensor to store custom values using scripts,Boolean type sensor to store custom values using scripts
95,SENSOR_BOOL_USER_DEFINED_64,Boolean type sensor to store custom values using scripts,Boolean type sensor to store custom values using scripts
96,SENSOR_ARMED,Signal from vehicle CAN bus to indicate alarm armed,Sinal do vehicle barramento CAN to indicar alarm armed
97,SENSOR_LOCKED,Signal from vehicle CAN bus to indicate doors locked,Sinal do vehicle barramento CAN to indicar portas travado
98,SENSOR_DOORS_F_L,Signal from vehicle CAN bus to indicate front left doors open,Sinal do vehicle barramento CAN to indicar front left portas aberto
99,SENSOR_DOORS_F_R,Signal from vehicle CAN bus to indicate front right doors open,Sinal do vehicle barramento CAN to indicar front right portas aberto
100,SENSOR_DOORS_R_L,Signal from vehicle CAN bus to indicate rear left doors open,Sinal do vehicle barramento CAN to indicar rear left portas aberto
101,SENSOR_DOORS_R_R,Signal from vehicle CAN bus to indicate rear right doors open,Sinal do vehicle barramento CAN to indicar rear right portas aberto
102,SENSOR_BONNET,Signal from vehicle CAN bus to indicate bonnet open,Sinal do vehicle barramento CAN to indicar bonnet aberto
103,SENSOR_TRUNK,Signal from vehicle CAN bus to indicate trunk open,Sinal do vehicle barramento CAN to indicar trunk aberto
104,-,-,-
105,-,-,-
106,-,-,-
107,-,-,-
108,SENSOR_FACTORY_ALARM,Signal from vehicle CAN bus to indicate factory alarm triggered,Sinal do vehicle barramento CAN to indicar factory alarm triggered
109,SENSOR_IGNITION,Signal from vehicle CAN bus to indicate ignition on,Sinal do vehicle barramento CAN to indicar ignição on
110,-,-,-
111,-,-,-
112,SENSOR_BOOL_USER_DEFINED_65,Boolean type sensor to store custom values using scripts,Boolean type sensor to store custom values using scripts
113,SENSOR_BOOL_USER_DEFINED_66,Boolean type sensor to store custom values using scripts,Boolean type sensor to store custom values using scripts
114,SENSOR_BOOL_USER_DEFINED_67,Boolean type sensor to store custom values using scripts,Boolean type sensor to store custom values using scripts
115,SENSOR_BOOL_USER_DEFINED_68,Boolean type sensor to store custom values using scripts,Boolean type sensor to store custom values using scripts
116,SENSOR_STOP_WARNING,Signal from vehicle CAN bus to indicate STOP warning lamp on,Sinal do vehicle barramento CAN to indicar STOP warning lamp on
117,SENSOR_OIL_PRESSURE_WARNING,Signal from vehicle CAN bus to indicate oil pressure warning lamp on,Sinal do vehicle barramento CAN to indicar oil pressure warning lamp on
118,SENSOR_COOLANT_FLUID_WARNING,Signal from vehicle CAN bus to indicate coolant fluid warning lamp on,Sinal do vehicle barramento CAN to indicar coolant fluid warning lamp on
119,SENSOR_BRAKE_SYSTEM_WARNING,Signal from vehicle CAN bus to indicate brake system warning lamp on,Sinal do vehicle barramento CAN to indicar brake system warning lamp on
120,SENSOR_BATTERY_VOLTAGE_WARNING,Signal from vehicle CAN bus to indicate charging system warning lamp on,Sinal do vehicle barramento CAN to indicar charging system warning lamp on
121,SENSOR_AIRBAG_WARNING,Signal from vehicle CAN bus to indicate airbag warning lamp on,Sinal do vehicle barramento CAN to indicar airbag warning lamp on
122,SENSOR_CHECK_ENGINE_WARNING,Signal from vehicle CAN bus to indicate check engine warning lamp on,Sinal do vehicle barramento CAN to indicar check motor warning lamp on
123,SENSOR_HEADLAMP_MALFUNCTION_WARNING,Signal from vehicle CAN bus to indicate headlamp malfunction warning lamp on,Sinal do vehicle barramento CAN to indicar headlamp malfunction warning lamp on
124,SENSOR_TIRE_PRESSURE_WARNING,Signal from vehicle CAN bus to indicate tire pressure warning lamp on,Sinal do vehicle barramento CAN to indicar tire pressure warning lamp on
125,SENSOR_LOW_BRAKE_PAD_WARNING,Signal from vehicle CAN bus to indicate low brake pad warning lamp on,Sinal do vehicle barramento CAN to indicar low brake pad warning lamp on
126,SENSOR_MASTER_WARNING,Signal from vehicle CAN bus to indicate master warning lamp on,Sinal do vehicle barramento CAN to indicar master warning lamp on
127,SENSOR_ABS_WARNING,Signal from vehicle CAN bus to indicate ABS warning lamp on,Sinal do vehicle barramento CAN to indicar ABS warning lamp on
128,SENSOR_LOW_FUEL_LEVEL_WARNING,Signal from vehicle CAN bus to indicate low fuel level warning lamp on,Sinal do vehicle barramento CAN to indicar low combustível level warning lamp on
129,SENSOR_ESP_WARNING,Signal from vehicle CAN bus to indicate ESP warning lamp on,Sinal do vehicle barramento CAN to indicar ESP warning lamp on
130,SENSOR_GLOW_PLUG_WARNING,Signal from vehicle CAN bus to indicate diesel fuel/air system warning lamp on,Sinal do vehicle barramento CAN to indicar diesel combustível/air system warning lamp on
131,SENSOR_DPF_WARNING,Signal from vehicle CAN bus to indicate DPF warning lamp on,Sinal do vehicle barramento CAN to indicar DPF warning lamp on
132,SENSOR_EPC_WARNING,Signal from vehicle CAN bus to indicate EPC warning lamp on,Sinal do vehicle barramento CAN to indicar EPC warning lamp on
133,SENSOR_DRIVER_SEATBELT_WARNING,Signal from vehicle CAN bus to indicate driver seatbelt warning lamp on,Sinal do vehicle barramento CAN to indicar driver seatbelt warning lamp on
134,SENSOR_PASSENGER_SEATBELT_WARNING,Signal from vehicle CAN bus to indicate passenger seatbelt warning lamp on,Sinal do vehicle barramento CAN to indicar passenger seatbelt warning lamp on
135,SENSOR_PARKING_LIGHT_INDICATOR,Signal from vehicle CAN bus to indicate parking light indicator on,Sinal do vehicle barramento CAN to indicar parking light indicator on
136,SENSOR_HEADLIGHT_INDICATOR,Signal from vehicle CAN bus to indicate headlamp indicator on,Sinal do vehicle barramento CAN to indicar headlamp indicator on
137,SENSOR_HIGH_BEAM_LIGHT_INDICATOR,Signal from vehicle CAN bus to indicate high beam light indicator on,Sinal do vehicle barramento CAN to indicar high beam light indicator on
138,SENSOR_KEY_INSERTED,Signal from vehicle CAN bus to indicate key inserted,Sinal do vehicle barramento CAN to indicar key inserted
139,SENSOR_HANDBRAKE,Signal from vehicle CAN bus to indicate handbrake activated,Sinal do vehicle barramento CAN to indicar handbrake activated
140,SENSOR_FOOT_BRAKE,Signal from vehicle CAN bus to indicate footbrake pressed,Sinal do vehicle barramento CAN to indicar footbrake pressed
141,SENSOR_ENGINE_WORKING,Signal from vehicle CAN bus to indicate engine on,Sinal do vehicle barramento CAN to indicar motor on
142,SENSOR_READY_TO_DRIVE,Signal from vehicle CAN bus to indicate ready to drive lamp on,Sinal do vehicle barramento CAN to indicar ready to drive lamp on
143,SENSOR_CRUISE_CONTROL,Signal from vehicle CAN bus to indicate cruise control on,Sinal do vehicle barramento CAN to indicar cruise control on
144,SENSOR_RETARDER_AUTO,Signal from vehicle CAN bus to indicate retarder state - auto [Legacy],Sinal do vehicle barramento CAN to indicar retarder state - auto [Legado]
145,SENSOR_RETARDER_MANUAL,Retarder state - manual [Legacy],Retarder state - manual [Legado]
146,SENSOR_AIR_CONDITIONING,Signal from vehicle CAN bus to indicate air conditioning on,Sinal do vehicle barramento CAN to indicar air conditioning on
147,SENSOR_WEBASTO,Signal from vehicle CAN bus to indicate webasto on,Sinal do vehicle barramento CAN to indicar webasto on
148,SENSOR_OUT_1,Returns status of OUT1,Retorna status da Saída Digital 1
149,SENSOR_OUT_2,Returns status of OUT2,Retorna status da Saída Digital 2
150,SENSOR_OUT_3,Returns status of OUT3,Retorna status da Saída Digital 3
151,SENSOR_OVERTURN,Source: Accelerometer. Start: instantly. Reset: delayed,Fonte: Acelerômetro. Início: instantaneamente. Reset: com atraso
152,SENSOR_SHOCK_1,Source: Accelerometer. Start: instantly. Reset: delayed,Fonte: Acelerômetro. Início: instantaneamente. Reset: com atraso
153,SENSOR_SHOCK_2,Source: Accelerometer. Start: instantly. Reset: delayed,Fonte: Acelerômetro. Início: instantaneamente. Reset: com atraso
154,SENSOR_OUT_4,Returns status of OUT4,Retorna status da Saída Digital 4
155,SENSOR_GNSS_JAMMING,Signal to indicate GNSS jamming,Sinal para indicar GNSS jamming
156,SENSOR_TAMPER,Signal to indicate tamper button state (for devices equipped with tamper switch),Sinal para indicar tamper button state (for devices equipped with tamper switch)
157,SENSOR_CLUTCH_PEDAL_PRESSED,Signal from vehicle CAN bus to indicate clutch pedal being pressed,CAN – Pedal da Embreagem Pressionado
158,SENSOR_PTO_ENABLED,Signal from vehicle CAN bus to indicate PTO enabled,Sinal do vehicle barramento CAN to indicar PTO enabled
159,SENSOR_CAN_ACTIVITY_PRESENT,CAN messages received during the last 10 seconds on CAN1 or on CAN2.,CAN messages received during the last 10 segundos on CAN1 or on CAN2.
160,SENSOR_STATIC_SIGNAL_3,Signal that persists it’s value even after software reset. Can be controlled with TCP and SMS commands over the air or using scripts to control device functions,Signal that persists seu value even após software reset. CAN be controlled with TCP and SMS commands over the air or using scripts to control dispositivo functions
161,SENSOR_STATIC_SIGNAL_4,Signal that persists it’s value even after software reset. Can be controlled with TCP and SMS commands over the air or using scripts to control device functions,Signal that persists seu value even após software reset. CAN be controlled with TCP and SMS commands over the air or using scripts to control dispositivo functions
162,SENSOR_STATIC_SIGNAL_5,Signal that persists it’s value even after software reset. Can be controlled with TCP and SMS commands over the air or using scripts to control device functions,Signal that persists seu value even após software reset. CAN be controlled with TCP and SMS commands over the air or using scripts to control dispositivo functions
163,-,-,-
164,-,-,-
165,-,-,-
166,-,-,-
167,SENSOR_EXTERNAL_POWER_PRESENT,Sensor to indicate that power is connected to device (voltage above 9V),Sensor to indicar that energia is conectado to dispositivo (tensão above 9V)
168,-,-,-
169,-,-,-
170,SENSOR_DTC_CAPTURED,-,-
171,SENSOR_CAN_1_ACTIVITY_PRESENT,CAN messages received during the last 10 seconds on CAN1,CAN messages received during the last 10 segundos on CAN1
172,SENSOR_CAN_2_ACTIVITY_PRESENT,CAN messages received during the last 10 seconds on CAN2.,CAN messages received during the last 10 segundos on CAN2.
8192,SENSOR_GNSS_SPEED,Speed received from GNSS in km/h,velocidade received from GNSS in km/h
8193,SENSOR_GNSS_SATELLITES,Number of locked in satellites,Number of travado in satellites
8194,SENSOR_GNSS_H_DOP,-,-
8195,SENSOR_MOBILE_NETWORK_CODE,Mobile network code. Available once device is connected to cellular network.,Mobile rede code. disponível once dispositivo is conectado to celular rede.
8196,SENSOR_TIMING_ADVANCE,Timing Advance from GSM,Timing Advance from GSM
8197,SENSOR_GSM_POWER,Cellular signal strength (RSSI) in dBm,Intensidade do Sinal Celular (RSSI em dBm)
8198,SENSOR_PEDAL_POSITION,Accelerator pedal position 1: 0 to 250 % op. range,Accelerator pedal position 1: 0 to 250 % op. range
8199,SENSOR_FUEL_LEVEL_1,"Fuel level in L or in %, 100=100% or 100L. Note: when using FMS: Fuel level 1: 0.4 %/bit, 0 offset, 0 to 250 % op. Range","combustível level in L or in %, 100=100% or 100L. Note: when using FMS: combustível level 1: 0.4 %/bit, 0 offset, 0 to 250 % op. Range"
8200,SENSOR_ENGINE_TEMPERATURE,Engine temperature,motor temperatura
8201,SENSOR_FUEL_LEVEL_2,"Fuel level in L or in %, 100=100% or 100L. Note: when using FMS: Fuel level 2: 0.4 %/bit, 0 offset, 0 to 250 % op. range","combustível level in L or in %, 100=100% or 100L. Note: when using FMS: combustível level 2: 0.4 %/bit, 0 offset, 0 to 250 % op. range"
8202,SENSOR_ENGINE_LOAD,"Engine Load. Note: when using FMS: Engine percent load at current speed: 1 %/bit, 0 offset, 0 to 125 % op. range","motor Load. Note: when using FMS: motor percent load at current velocidade: 1 %/bit, 0 offset, 0 to 125 % op. range"
8203,SENSOR_U8_USER_DEFINED_0,Unsigned 8 bits integer type sensor to store custom values using scripts,Unsigned 8 bits integer type sensor to store custom values using scripts
8204,SENSOR_U8_USER_DEFINED_1,Unsigned 8 bits integer type sensor to store custom values using scripts,Unsigned 8 bits integer type sensor to store custom values using scripts
8205,SENSOR_U8_USER_DEFINED_2,Unsigned 8 bits integer type sensor to store custom values using scripts,Unsigned 8 bits integer type sensor to store custom values using scripts
8206,SENSOR_U8_USER_DEFINED_3,Unsigned 8 bits integer type sensor to store custom values using scripts,Unsigned 8 bits integer type sensor to store custom values using scripts
8207,SENSOR_U8_USER_DEFINED_4,Unsigned 8 bits integer type sensor to store custom values using scripts,Unsigned 8 bits integer type sensor to store custom values using scripts
8208,SENSOR_U8_USER_DEFINED_5,Unsigned 8 bits integer type sensor to store custom values using scripts,Unsigned 8 bits integer type sensor to store custom values using scripts
8209,SENSOR_U8_USER_DEFINED_6,Unsigned 8 bits integer type sensor to store custom values using scripts,Unsigned 8 bits integer type sensor to store custom values using scripts
8210,SENSOR_U8_USER_DEFINED_7,Unsigned 8 bits integer type sensor to store custom values using scripts,Unsigned 8 bits integer type sensor to store custom values using scripts
8211,SENSOR_U8_USER_DEFINED_8,Unsigned 8 bits integer type sensor to store custom values using scripts,Unsigned 8 bits integer type sensor to store custom values using scripts
8212,SENSOR_U8_USER_DEFINED_9,Unsigned 8 bits integer type sensor to store custom values using scripts,Unsigned 8 bits integer type sensor to store custom values using scripts
8213,SENSOR_U8_USER_DEFINED_10,Unsigned 8 bits integer type sensor to store custom values using scripts,Unsigned 8 bits integer type sensor to store custom values using scripts
8214,SENSOR_U8_USER_DEFINED_11,Unsigned 8 bits integer type sensor to store custom values using scripts,Unsigned 8 bits integer type sensor to store custom values using scripts
8215,SENSOR_U8_USER_DEFINED_12,Unsigned 8 bits integer type sensor to store custom values using scripts,Unsigned 8 bits integer type sensor to store custom values using scripts
8216,SENSOR_U8_USER_DEFINED_13,Unsigned 8 bits integer type sensor to store custom values using scripts,Unsigned 8 bits integer type sensor to store custom values using scripts
8217,SENSOR_U8_USER_DEFINED_14,Unsigned 8 bits integer type sensor to store custom values using scripts,Unsigned 8 bits integer type sensor to store custom values using scripts
8218,SENSOR_U8_USER_DEFINED_15,Unsigned 8 bits integer type sensor to store custom values using scripts,Unsigned 8 bits integer type sensor to store custom values using scripts
8219,SENSOR_U8_USER_DEFINED_16,Unsigned 8 bits integer type sensor to store custom values using scripts,Unsigned 8 bits integer type sensor to store custom values using scripts
8220,SENSOR_U8_USER_DEFINED_17,Unsigned 8 bits integer type sensor to store custom values using scripts,Unsigned 8 bits integer type sensor to store custom values using scripts
8221,SENSOR_U8_USER_DEFINED_18,Unsigned 8 bits integer type sensor to store custom values using scripts,Unsigned 8 bits integer type sensor to store custom values using scripts
8222,SENSOR_U8_USER_DEFINED_19,Unsigned 8 bits integer type sensor to store custom values using scripts,Unsigned 8 bits integer type sensor to store custom values using scripts
8223,SENSOR_U8_USER_DEFINED_20,Unsigned 8 bits integer type sensor to store custom values using scripts,Unsigned 8 bits integer type sensor to store custom values using scripts
8224,SENSOR_U8_USER_DEFINED_21,Unsigned 8 bits integer type sensor to store custom values using scripts,Unsigned 8 bits integer type sensor to store custom values using scripts
8225,SENSOR_ADBLUE_LEVEL,"FMS Aftertreatment 1 Diesel Exhaust Fluid Tank 1 Level: 0 % = Empty, 100% = Full","FMS Aftertreatment 1 Diesel Exhaust Fluid Tank 1 Level: 0 % = Empty, 100% = Full"
8226,SENSOR_TOP_SPEED,Vehicle top speed,Velocidade Máxima do Veículo
8227,SENSOR_GNSS_GMT_SECONDS,GMT seconds,GMT segundos
8228,SENSOR_GNSS_GMT_MINUNTES,GMT minutes,GMT minutos
8229,SENSOR_GNSS_GMT_HOURS,GMT hours,GMT horas
8230,SENSOR_GNSS_GMT_DAYS,GMT day,GMT day
8231,SENSOR_GNSS_GMT_MONTHS,GMT month,GMT month
8232,SENSOR_GNSS_GMT_YEARS,GMT year,GMT year
8233,SENSOR_WAKE_UP_REASON,"Wake up reason for script reload: 0 - Unknown, 1 - Motion, 2 - IN2, 3 - IN3, 4 - in4, 5 - IN5, 6 - RTC, 7 - Modem, 8 - CAN, 9 - Ext. Pow. Cut","Motivo de despertar para recarregar o script: 0 - desconhecido, 1 - Movimento, 2 - Entrada Digital 2, 3 - Entrada Digital 3, 4 - Entrada Digital 4, 5 - Entrada Digital 5, 6 - RTC, 7 - Modem, 8 - CAN, 9 - Corte de Alimentação Externa"
8234,SENSOR_FUEL_LEVEL_TYPE,"0 - N/A, 1 - 1 %/bit, 2 - 0.4 %/bit, 3 - 1 L/bit","0 - N/A, 1 - 1 %/bit, 2 - 0.4 %/bit, 3 - 1 L/bit"
8235,SENSOR_DUMP_STATE,"Can dump status: 0 - Idle, 1 - Waiting for Bitrate, 2 - Bitrate Found, 3 - Bitrate Not Found, 4 - Reading CAN bus, 5 - CAN Read Success, 6 - Can Read Failed.","CAN dump status: 0 - Idle, 1 - Waiting for Bitrate, 2 - Bitrate Found, 3 - Bitrate Not Found, 4 - Reading barramento CAN, 5 - CAN Read Success, 6 - CAN Read Failed."
8236,SENSOR_GEOZONE_ID,value is the last ID of geozone group that the device is currently in.,value is the last ID of geozone group that the dispositivo is atualmente in.
8237,SENSOR_SLOT_1_ACTIVITY,"Binary encoded slot 1 activity from tachograph. 0b000 - break/rest, 0b001 - availability, 0b010 - work, 0b011 - driving, 0b100 - reserved, 0b101 reserved  ","Binary encoded slot 1 activity from tachograph. 0b000 - break/rest, 0b001 - availability, 0b010 - work, 0b011 - driving, 0b100 - reserved, 0b101 reserved"
8238,SENSOR_SLOT_2_ACTIVITY,"Binary encoded slot 1 activity from tachograph. 0b000 - break/rest, 0b001 - availability, 0b010 - work, 0b011 - driving, 0b100 - reserved, 0b101 reserved ","Binary encoded slot 1 activity from tachograph. 0b000 - break/rest, 0b001 - availability, 0b010 - work, 0b011 - driving, 0b100 - reserved, 0b101 reserved"
8239,SENSOR_TACHO_FILE_MANAGER_STATE,"0 - Tacho file manager at sleep state, communication inactive; 1 - Tacho file manager entering sleep state, communication ended; 2 - Tacho file manager card authentication in progress; 3 - Tacho file manager completed overview file collection and is uploading the file; 4 - Tacho file manager is requesting server to check commands for current vehicle number; 5 - Tacho file manager is requesting server to check commands for current 1st Driver Card; 6 - Tacho file manager is requesting server to check commands for current 2nd Driver Card; 7 - Tacho file manager is sending confirmation that overview file transfer completed; 8 - Tacho file manager is sending confirmation that 1st Driver Card file transfer completed; 9 - Tacho file manager is sending confirmation that 2nd Driver Card file transfer completed; 10 - Tacho connection failed, next attempt will be delayed.","0 - Tacho file manager at sleep state, communication inactive; 1 - Tacho file manager entering sleep state, communication ended; 2 - Tacho file manager card authentication in progress; 3 - Tacho file manager completed overview file collection and is uploading the file; 4 - Tacho file manager is requesting server to check commands for current vehicle number; 5 - Tacho file manager is requesting server to check commands for current 1st Driver Card; 6 - Tacho file manager is requesting server to check commands for current 2nd Driver Card; 7 - Tacho file manager is sending confirmation that overview file transfer completed; 8 - Tacho file manager is sending confirmation that 1st Driver Card file transfer completed; 9 - Tacho file manager is sending confirmation that 2nd Driver Card file transfer completed; 10 - Tacho connection failed, next attempt will be com atraso."
8240,SENSOR_HARDWARE_TYPE,"255 - unknown, 55 - Light 2G, 56 - Light 3G, 70 - Light+ 2G, 71 Light+ 3G, 85 - StCAN 2G, 86 - StCAN 3G, 87 - StCAN 2G 32Mb, 100 - XtCAN 2G, 101 - XtCAN 3G, 102 - XtCAN 2G 32Mb, 115 - Tacho 2G, 116 - Tacho 3G, 117 - Tacho 2G 32Mb","255 - desconhecido, 55 - Light 2G, 56 - Light 3G, 70 - Light+ 2G, 71 Light+ 3G, 85 - StCAN 2G, 86 - StCAN 3G, 87 - StCAN 2G 32Mb, 100 - XtCAN 2G, 101 - XtCAN 3G, 102 - XtCAN 2G 32Mb, 115 - Tacho 2G, 116 - Tacho 3G, 117 - Tacho 2G 32Mb"
8241,SENSOR_CRUISE_CONTROL_STATE,"FMS, 0 - Off/Disabled, 1 – Hold, 2 – Accelerate, 3 – Decelerate, 4 – Resume, 5 – Set, 6 – Accel. Override, 7 - Not available","FMS, 0 - Off/Disabled, 1 – Hold, 2 – Accelerate, 3 – Decelerate, 4 – Resume, 5 – Set, 6 – Accel. Override, 7 - Not disponível"
8242,SENSOR_BATTERY_TEMPERATURE_1,-,-
8243,SENSOR_BATTERY_TEMPERATURE_2,-,-
8244,SENSOR_BATTERY_TEMPERATURE_3,-,-
8245,SENSOR_BATTERY_TEMPERATURE_4,-,-
8246,SENSOR_WASHER_FLUID_LEVEL,Washer Fluid Level: 0 to 100,Washer Fluid Level: 0 to 100
8247,SENSOR_RETARDER_TORQUE_MODE,FMS. 0 means “No request”: retarder torque = 0 (no braking). Modes 1 to 14 indicate that there is either a torque request or the identified function is currently controlling the retarder: retarder torque may range from 0 (no braking) to the upper limit,FMS. 0 means “No request”: retarder torque = 0 (no braking). Modes 1 to 14 indicar that there is either a torque request or the identified function is atualmente controlling the retarder: retarder torque may range from 0 (no braking) to the upper limit
8248,SENSOR_RETARDER_PERCENT_TORQUE,FMS Actual Retarder - Percent Torque,FMS Actual Retarder - Percent Torque
8249,SENSOR_RETARDER_SELECTION,"FMS Retarder Selection, non-engine","FMS Retarder Selection, non-motor"
8250,SENSOR_ENGINE_PERCENT_TORQUE,Actual Engine – Percent Torque: -125 to 125 %,Actual motor – Percent Torque: -125 to 125 %
8251,-,-,-
8252,SENSOR_CURRENT_GEAR,"Transmission Current Gear: -125 to 125, negative values are reverse gears, positive values are forward gears, zero is neutral. 251 (0xFB) is park","Transmission Current Gear: -125 to 125, negative values are reverse gears, positive values are forward gears, zero is neutral. 251 (0xFB) is park"
8253,SENSOR_FRONT_WIPER_MODE,Front Operator Wiper Switch,Front Operator Wiper Switch
8254,SENSOR_INTAKE_PRESSURE,Engine Intake Manifold #1 Absolute Pressure: 0 to 500 kPa,motor Intake Manifold #1 Absolute Pressure: 0 to 500 kPa
8255,SENSOR_OIL_PRESSURE,Engine Oil-Filter Outlet Pressure: 0 to 1000 kPa,motor Oil-Filter Outlet Pressure: 0 to 1000 kPa
8256,SENSOR_BAROMETRIC_PRESSURE,Barometric Pressure: 0 to 125 kPa,Barometric Pressure: 0 to 125 kPa
8257,SENSOR_BATTERY_CHARGE,-,-
8258,SENSOR_TRANSMISSION_OIL_LIFE,Transmission Oil Life Remaining: 0 to 100 %,Transmission Oil Life Remaining: 0 to 100 %
8259,SENSOR_DPF_2_SOOT_LOAD,Diesel Particulate Filter 2 Soot Load Percent: 0 to 250 %,Diesel Particulate Filter 2 Soot Load Percent: 0 to 250 %
8260,SENSOR_DPF_1_SOOT_LOAD,Diesel Particulate Filter 1 Soot Load Percent: 0 to 250 %,Diesel Particulate Filter 1 Soot Load Percent: 0 to 250 %
8261,SENSOR_DPF_2_ASH_LOAD,Diesel Particulate Filter 2 Ash Load Percent: 0 to 250 %,Diesel Particulate Filter 2 Ash Load Percent: 0 to 250 %
8262,SENSOR_DPF_1_ASH_LOAD,Diesel Particulate Filter 1 Ash Load Percent: 0 to 250 %,Diesel Particulate Filter 1 Ash Load Percent: 0 to 250 %
8263,SENSOR_CLUTCH_LIFE_REMAINING,FMS Clutch life remaining: 0 to 100 %,FMS Clutch life remaining: 0 to 100 %
8264,SENSOR_TRANSMISSION_SERVICE,"Transmission Service Indicator: 0 - off, 1 - on continuously, 2 - flashing","Transmission Service Indicator: 0 - off, 1 - on continuously, 2 - flashing"
8265,SENSOR_SERVICE_2_COMPONENT_ID,Identification of component needing service.  See Table SPN911_A.,Identification of component needing service.  See Table SPN911_A.
8266,SENSOR_SERVICE_1_COMPONENT_ID_1,Identification of component needing service.  See Table SPN911_A.,Identification of component needing service.  See Table SPN911_A.
8267,SENSOR_SERVICE_1_COMPONENT_ID_2,Identification of component needing service.  See Table SPN911_A.,Identification of component needing service.  See Table SPN911_A.
8268,SENSOR_SERVICE_1_COMPONENT_ID_3,Identification of component needing service.  See Table SPN911_A.,Identification of component needing service.  See Table SPN911_A.
8269,SENSOR_HUMIDITY,Ambient air humidity: 0 to 100 %,Ambient air humidity: 0 to 100 %
8270,SENSOR_AUXILIARY_TANK_LEVEL,Auxiliary tank liquid level: 0 to 100 %,Auxiliary tank liquid level: 0 to 100 %
8271,SENSOR_MQTT_BROKER_STATUS,0 - disconnected; 1 - connected,0 - desconectado; 1 - conectado
8272,SENSOR_SELF_ORIENTATION_STATUS,"0 - orientation lost, 1 - oriented","0 - orientation lost, 1 - oriented"
8273,SENSOR_PCB_VERSION,Hardware PCB version,Hardware PCB version
8274,SENSOR_ASSEMBLY_VERSION,Hardware assembly version,Hardware assembly version
8275,SENSOR_FUEL_LEVEL_PERCENT,Fuel level percent value,combustível level percent value
12288,SENSOR_VCC,Voltage measured on external power rail in mV,tensão measured on external energia rail in mV
12289,SENSOR_ADC_5,Voltage measured on ADC5 in mV,tensão measured on ADC5 in mV
12290,SENSOR_ADC_4,Voltage measured on ADC4 in mV,tensão measured on ADC4 in mV
12291,SENSOR_ADC_3,Voltage measured on ADC3 in mV,tensão measured on ADC3 in mV
12292,SENSOR_VBAT,Voltage measured on internal battery rail in mV,tensão measured on internal battery rail in mV
12293,-,-,-
12294,-,-,-
12295,-,-,-
12296,SENSOR_MOBILE_COUNTRY_CODE,Mobile country code received from cellular network to which device is currently attached to,Mobile country code received from celular rede to which dispositivo is atualmente attached to
12297,SENSOR_LOCATION_AREA_CODE,GSM Location area code,GSM Location area code
12298,SENSOR_CELL_ID,ID of a cell to which cell module is currently attached to.,ID of a cell to which cell module is atualmente attached to.
12299,SENSOR_GNSS_COURSE,"0 to 360, 0 when stationary","0 to 360, 0 when stationary"
12300,SENSOR_ENGINE_SPEED,Sensor from vehicle CAN bus to indicate engine speed in RPM,Sensor from vehicle barramento CAN to indicar motor velocidade in RPM
12301,SENSOR_U16_USER_DEFINED_0,Unsigned 16 bits integer type sensor to store custom values using scripts,Unsigned 16 bits integer type sensor to store custom values using scripts
12302,SENSOR_U16_USER_DEFINED_1,Unsigned 16 bits integer type sensor to store custom values using scripts,Unsigned 16 bits integer type sensor to store custom values using scripts
12303,SENSOR_U16_USER_DEFINED_2,Unsigned 16 bits integer type sensor to store custom values using scripts,Unsigned 16 bits integer type sensor to store custom values using scripts
12304,SENSOR_U16_USER_DEFINED_3,Unsigned 16 bits integer type sensor to store custom values using scripts,Unsigned 16 bits integer type sensor to store custom values using scripts
12305,SENSOR_U16_USER_DEFINED_4,Unsigned 16 bits integer type sensor to store custom values using scripts,Unsigned 16 bits integer type sensor to store custom values using scripts
12306,SENSOR_U16_USER_DEFINED_5,Unsigned 16 bits integer type sensor to store custom values using scripts,Unsigned 16 bits integer type sensor to store custom values using scripts
12307,SENSOR_U16_USER_DEFINED_6,Unsigned 16 bits integer type sensor to store custom values using scripts,Unsigned 16 bits integer type sensor to store custom values using scripts
12308,SENSOR_U16_USER_DEFINED_7,Unsigned 16 bits integer type sensor to store custom values using scripts,Unsigned 16 bits integer type sensor to store custom values using scripts
12309,SENSOR_U16_USER_DEFINED_8,Unsigned 16 bits integer type sensor to store custom values using scripts,Unsigned 16 bits integer type sensor to store custom values using scripts
12310,SENSOR_U16_USER_DEFINED_9,Unsigned 16 bits integer type sensor to store custom values using scripts,Unsigned 16 bits integer type sensor to store custom values using scripts
12311,SENSOR_U16_USER_DEFINED_10,Unsigned 16 bits integer type sensor to store custom values using scripts,Unsigned 16 bits integer type sensor to store custom values using scripts
12312,SENSOR_U16_USER_DEFINED_11,Unsigned 16 bits integer type sensor to store custom values using scripts,Unsigned 16 bits integer type sensor to store custom values using scripts
12313,SENSOR_U16_USER_DEFINED_12,Unsigned 16 bits integer type sensor to store custom values using scripts,Unsigned 16 bits integer type sensor to store custom values using scripts
12314,SENSOR_U16_USER_DEFINED_13,Unsigned 16 bits integer type sensor to store custom values using scripts,Unsigned 16 bits integer type sensor to store custom values using scripts
12315,SENSOR_U16_USER_DEFINED_14,Unsigned 16 bits integer type sensor to store custom values using scripts,Unsigned 16 bits integer type sensor to store custom values using scripts
12316,SENSOR_U16_USER_DEFINED_15,Unsigned 16 bits integer type sensor to store custom values using scripts,Unsigned 16 bits integer type sensor to store custom values using scripts
12317,SENSOR_WHEEL_SPEED,Wheel Speed from CAN bus,Wheel velocidade from barramento CAN
12318,SENSOR_FUEL_LEVEL_L,Fuel level volume from CAN bus,combustível level volume from barramento CAN
12319,-,-,-
12320,SENSOR_AGC_MONITOR,GNSS quality parameter (Automatic Gain Control),GNSS quality parameter (Automatic Gain Control)
12321,SENSOR_FUEL_RATE,"FMS Fuel Rate:0 to 3,212.75 L/h","FMS combustível Rate:0 to 3,212.75 L/h"
12322,SENSOR_FREQ_IN2,Sensor to indicate frequency measured on IN2 input.,Sensor para indicar frequência medida na Entrada Digital 2.
12323,SENSOR_FREQ_IN3,Sensor to indicate frequency measured on IN3 input.,Sensor para indicar frequência medida na Entrada Digital 3.
12324,SENSOR_FREQ_IN4,Sensor to indicate frequency measured on IN4 input.,Sensor para indicar frequência medida na Entrada Digital 4.
12325,SENSOR_FREQ_IN5,Sensor to indicate frequency measured on IN5 input.,Sensor para indicar frequência medida na Entrada Digital 5.
12326,SENSOR_PULSE_PERIOD_IN_2,Average time between two pulses,Average time between two pulses
12327,SENSOR_PULSE_PERIOD_IN_3,Average time between two pulses,Average time between two pulses
12328,SENSOR_PULSE_PERIOD_IN_4,Average time between two pulses,Average time between two pulses
12329,SENSOR_PULSE_PERIOD_IN_5,Average time between two pulses,Average time between two pulses
12330,SENSOR_AMBIENT_TEMPERATURE,Ambient Air Temperature,Ambient Air temperatura
12331,SENSOR_CAN_1_COMMAND,Command Identifier used by canbase_b function on CAN1,Command Identifier used by canbase_b function on CAN1
12332,SENSOR_CAN_2_COMMAND,Command Identifier used by canbase_b function on CAN2,Command Identifier used by canbase_b function on CAN2
12333,SENSOR_AXLE_1_WEIGHT,Axle 1 weight,Axle 1 weight
12334,SENSOR_AXLE_2_WEIGHT,Axle 2 weight,Axle 2 weight
12335,SENSOR_AXLE_3_WEIGHT,Axle 3 weight,Axle 3 weight
12336,SENSOR_AXLE_4_WEIGHT,Axle 4 weight,Axle 4 weight
12337,SENSOR_AXLE_5_WEIGHT,Axle 5 weight,Axle 5 weight
12338,SENSOR_TRAILER_WEIGHT,"FMS Trailer Weight: 0 to 128,510 kg","FMS Trailer Weight: 0 to 128,510 kg"
12339,SENSOR_CARGO_AMBIENT_TEMPERATURE,FMS Cargo Ambient Temperature: -273 to 1735 °C,FMS Cargo Ambient temperatura: -273 to 1735 °C
12340,SENSOR_INSTANT_FUEL_ECONOMY,FMS Instantaneous Fuel Economy: 0 to 125.5 km/L,FMS Instantaneous combustível Economy: 0 to 125.5 km/L
12341,SENSOR_INTERIOR_TEMPERATURE,FMS Cab Interior Temperature: -273 to 1735 °C,FMS Cab Interior temperatura: -273 to 1735 °C
12342,SENSOR_TRANSMISSION_TEMPERATURE,FMS Transmission Oil Temperature: -273 to 1735 °C,FMS Transmission Oil temperatura: -273 to 1735 °C
12343,SENSOR_CARGO_WEIGHT,"FMS Cargo Weight: 0 to 128,510 kg","FMS Cargo Weight: 0 to 128,510 kg"
12344,SENSOR_SERVICE_DISTANCE,FMS Service Distance: -160635 to 160640 km,FMS Service Distance: -160635 to 160640 km
12345,SENSOR_GROSS_VEHICLE_WEIGHT,"FMS Gross Combination Vehicle Weight: 0 to 642,550 kg","FMS Gross Combination Vehicle Weight: 0 to 642,550 kg"
12346,SENSOR_RANGE,Remaining Distance with Current Fuel Level,Remaining Distance with Current combustível Level
12347,SENSOR_1979_RPM,"J1979 Engine RPM: Min 0, Max 16383.75 rpm","J1979 motor RPM: Min 0, Max 16383.75 rpm"
12348,SENSOR_1979_MAF,"J1979 MAF air flow rate: Min 0, Max 655.35 g/s","J1979 MAF air flow rate: Min 0, Max 655.35 g/s"
12349,SENSOR_1979_FUEL_RATE,"J1979 Engine fuel rate: Min 0, Max 3212.75 L/h","J1979 motor combustível rate: Min 0, Max 3212.75 L/h"
12350,SENSOR_1979_RAIL_PRESSURE,"J1979 Fuel Rail Pressure: Min 0, Max 5177.265 kPa","J1979 combustível Rail Pressure: Min 0, Max 5177.265 kPa"
12351,SENSOR_SERVICE_DELAY_OP_TIME_BASED,FMS Service Delay/Operational Time Based: -32127 to 32128 km,FMS Service Delay/Operational Time Based: -32127 to 32128 km
12352,SENSOR_FREQ_IN_2_COUNT,Pulse count on IN2,Contagem de pulsos na Entrada Digital 2
12353,SENSOR_FREQ_IN_3_COUNT,Pulse count on IN3,Contagem de pulsos na Entrada Digital 3
12354,SENSOR_FREQ_IN_4_COUNT,Pulse count on IN4,Contagem de pulsos na Entrada Digital 4
12355,SENSOR_FREQ_IN_5_COUNT,Pulse count on IN5,Contagem de pulsos na Entrada Digital 5
12356,SENSOR_POWER_CUT_RESET,Count of power cut reset,Count of energia cut reset
12357,SENSOR_SOFTWARE_RESET,Count of software reset,Count of software reset
12358,SENSOR_SELF_ORIENTATION_CONFIDENCE,"Self orientation confidence, status sensor is set when confidence reaches 1200","Self orientation confidence, status sensor is Ativado quando confidence reaches 1200"
12359,SENSOR_TIME_TILL_SLEEP,Time until the device goes to sleep,Time until the dispositivo goes to sleep
12360,SENSOR_OW_HUMIDITY,Humidity from onewire sensor,Humidity from onewire sensor
12361,SENSOR_MAIN_FS_BYTES_PENDING,Data bytes left to send to telemetry server in Bytes,Data bytes left to send to telemetry server in Bytes
12362,SENSOR_EVENT_FS_BYTES_PENDING,Event data bytes left to send to telemetry server in Bytes,Event data bytes left to send to telemetry server in Bytes
16384,SENSOR_SYSTEM_TIME,Unix time used for system services,Unix time used for system services
16385,SENSOR_TOTAL_FUEL_USED,Total fuel used from CAN bus,Total combustível used from barramento CAN
16386,SENSOR_TOTAL_ENGINE_HOURS,FMS Total engine hours from CAN bus,FMS Total motor horas from barramento CAN
16387,SENSOR_TOTAL_DISTANCE,Total distance from CAN bus,Total distance from barramento CAN
16388,-,-,-
16389,SENSOR_U32_USER_DEFINED_0,Unsigned 32 bits integer type sensor to store custom values using scripts,Unsigned 32 bits integer type sensor to store custom values using scripts
16390,SENSOR_U32_USER_DEFINED_1,Unsigned 32 bits integer type sensor to store custom values using scripts,Unsigned 32 bits integer type sensor to store custom values using scripts
16391,SENSOR_U32_USER_DEFINED_2,Unsigned 32 bits integer type sensor to store custom values using scripts,Unsigned 32 bits integer type sensor to store custom values using scripts
16392,SENSOR_U32_USER_DEFINED_3,Unsigned 32 bits integer type sensor to store custom values using scripts,Unsigned 32 bits integer type sensor to store custom values using scripts
16393,SENSOR_U32_USER_DEFINED_4,Unsigned 32 bits integer type sensor to store custom values using scripts,Unsigned 32 bits integer type sensor to store custom values using scripts
16394,SENSOR_U32_USER_DEFINED_5,Unsigned 32 bits integer type sensor to store custom values using scripts,Unsigned 32 bits integer type sensor to store custom values using scripts
16395,SENSOR_U32_USER_DEFINED_6,Unsigned 32 bits integer type sensor to store custom values using scripts,Unsigned 32 bits integer type sensor to store custom values using scripts
16396,SENSOR_U32_USER_DEFINED_7,Unsigned 32 bits integer type sensor to store custom values using scripts,Unsigned 32 bits integer type sensor to store custom values using scripts
16397,SENSOR_U32_USER_DEFINED_8,Unsigned 32 bits integer type sensor to store custom values using scripts,Unsigned 32 bits integer type sensor to store custom values using scripts
16398,SENSOR_U32_USER_DEFINED_9,Unsigned 32 bits integer type sensor to store custom values using scripts,Unsigned 32 bits integer type sensor to store custom values using scripts
16399,SENSOR_U32_USER_DEFINED_10,Unsigned 32 bits integer type sensor to store custom values using scripts,Unsigned 32 bits integer type sensor to store custom values using scripts
16400,SENSOR_U32_USER_DEFINED_11,Unsigned 32 bits integer type sensor to store custom values using scripts,Unsigned 32 bits integer type sensor to store custom values using scripts
16401,SENSOR_U32_USER_DEFINED_12,Unsigned 32 bits integer type sensor to store custom values using scripts,Unsigned 32 bits integer type sensor to store custom values using scripts
16402,SENSOR_U32_USER_DEFINED_13,Unsigned 32 bits integer type sensor to store custom values using scripts,Unsigned 32 bits integer type sensor to store custom values using scripts
16403,SENSOR_U32_USER_DEFINED_14,Unsigned 32 bits integer type sensor to store custom values using scripts,Unsigned 32 bits integer type sensor to store custom values using scripts
16404,SENSOR_U32_USER_DEFINED_15,Unsigned 32 bits integer type sensor to store custom values using scripts,Unsigned 32 bits integer type sensor to store custom values using scripts
16405,SENSOR_U32_USER_DEFINED_16,Unsigned 32 bits integer type sensor to store custom values using scripts,Unsigned 32 bits integer type sensor to store custom values using scripts
16406,SENSOR_U32_USER_DEFINED_17,Unsigned 32 bits integer type sensor to store custom values using scripts,Unsigned 32 bits integer type sensor to store custom values using scripts
16407,SENSOR_U32_USER_DEFINED_18,Unsigned 32 bits integer type sensor to store custom values using scripts,Unsigned 32 bits integer type sensor to store custom values using scripts
16408,SENSOR_U32_USER_DEFINED_19,Unsigned 32 bits integer type sensor to store custom values using scripts,Unsigned 32 bits integer type sensor to store custom values using scripts
16409,SENSOR_U32_USER_DEFINED_20,Unsigned 32 bits integer type sensor to store custom values using scripts,Unsigned 32 bits integer type sensor to store custom values using scripts
16410,SENSOR_U32_USER_DEFINED_21,Unsigned 32 bits integer type sensor to store custom values using scripts,Unsigned 32 bits integer type sensor to store custom values using scripts
16411,SENSOR_U32_USER_DEFINED_22,Unsigned 32 bits integer type sensor to store custom values using scripts,Unsigned 32 bits integer type sensor to store custom values using scripts
16412,SENSOR_U32_USER_DEFINED_23,Unsigned 32 bits integer type sensor to store custom values using scripts,Unsigned 32 bits integer type sensor to store custom values using scripts
16413,SENSOR_U32_USER_DEFINED_24,Unsigned 32 bits integer type sensor to store custom values using scripts,Unsigned 32 bits integer type sensor to store custom values using scripts
16414,SENSOR_U32_USER_DEFINED_25,Unsigned 32 bits integer type sensor to store custom values using scripts,Unsigned 32 bits integer type sensor to store custom values using scripts
16415,SENSOR_U32_USER_DEFINED_26,Unsigned 32 bits integer type sensor to store custom values using scripts,Unsigned 32 bits integer type sensor to store custom values using scripts
16416,SENSOR_U32_USER_DEFINED_27,Unsigned 32 bits integer type sensor to store custom values using scripts,Unsigned 32 bits integer type sensor to store custom values using scripts
16417,SENSOR_U32_USER_DEFINED_28,Unsigned 32 bits integer type sensor to store custom values using scripts,Unsigned 32 bits integer type sensor to store custom values using scripts
16418,SENSOR_U32_USER_DEFINED_29,Unsigned 32 bits integer type sensor to store custom values using scripts,Unsigned 32 bits integer type sensor to store custom values using scripts
16419,SENSOR_U32_USER_DEFINED_30,Unsigned 32 bits integer type sensor to store custom values using scripts,Unsigned 32 bits integer type sensor to store custom values using scripts
16420,SENSOR_U32_USER_DEFINED_31,Unsigned 32 bits integer type sensor to store custom values using scripts,Unsigned 32 bits integer type sensor to store custom values using scripts
16421,SENSOR_U32_USER_DEFINED_32,Unsigned 32 bits integer type sensor to store custom values using scripts,Unsigned 32 bits integer type sensor to store custom values using scripts
16422,SENSOR_U32_USER_DEFINED_33,Unsigned 32 bits integer type sensor to store custom values using scripts,Unsigned 32 bits integer type sensor to store custom values using scripts
16423,SENSOR_U32_USER_DEFINED_34,Unsigned 32 bits integer type sensor to store custom values using scripts,Unsigned 32 bits integer type sensor to store custom values using scripts
16424,SENSOR_U32_USER_DEFINED_35,Unsigned 32 bits integer type sensor to store custom values using scripts,Unsigned 32 bits integer type sensor to store custom values using scripts
16425,SENSOR_U32_USER_DEFINED_36,Unsigned 32 bits integer type sensor to store custom values using scripts,Unsigned 32 bits integer type sensor to store custom values using scripts
16426,SENSOR_U32_USER_DEFINED_37,Unsigned 32 bits integer type sensor to store custom values using scripts,Unsigned 32 bits integer type sensor to store custom values using scripts
16427,SENSOR_U32_USER_DEFINED_38,Unsigned 32 bits integer type sensor to store custom values using scripts,Unsigned 32 bits integer type sensor to store custom values using scripts
16428,SENSOR_U32_USER_DEFINED_39,Unsigned 32 bits integer type sensor to store custom values using scripts,Unsigned 32 bits integer type sensor to store custom values using scripts
16429,SENSOR_U32_USER_DEFINED_40,Unsigned 32 bits integer type sensor to store custom values using scripts,Unsigned 32 bits integer type sensor to store custom values using scripts
16430,SENSOR_U32_USER_DEFINED_41,Unsigned 32 bits integer type sensor to store custom values using scripts,Unsigned 32 bits integer type sensor to store custom values using scripts
16431,SENSOR_U32_USER_DEFINED_42,Unsigned 32 bits integer type sensor to store custom values using scripts,Unsigned 32 bits integer type sensor to store custom values using scripts
16432,SENSOR_U32_USER_DEFINED_43,Unsigned 32 bits integer type sensor to store custom values using scripts,Unsigned 32 bits integer type sensor to store custom values using scripts
16433,SENSOR_U32_USER_DEFINED_44,Unsigned 32 bits integer type sensor to store custom values using scripts,Unsigned 32 bits integer type sensor to store custom values using scripts
16434,SENSOR_U32_USER_DEFINED_45,Unsigned 32 bits integer type sensor to store custom values using scripts,Unsigned 32 bits integer type sensor to store custom values using scripts
16435,SENSOR_U32_USER_DEFINED_46,Unsigned 32 bits integer type sensor to store custom values using scripts,Unsigned 32 bits integer type sensor to store custom values using scripts
16436,SENSOR_U32_USER_DEFINED_47,Unsigned 32 bits integer type sensor to store custom values using scripts,Unsigned 32 bits integer type sensor to store custom values using scripts
16437,SENSOR_U32_USER_DEFINED_48,Unsigned 32 bits integer type sensor to store custom values using scripts,Unsigned 32 bits integer type sensor to store custom values using scripts
16438,SENSOR_U32_USER_DEFINED_49,Unsigned 32 bits integer type sensor to store custom values using scripts,Unsigned 32 bits integer type sensor to store custom values using scripts
16439,SENSOR_U32_USER_DEFINED_50,Unsigned 32 bits integer type sensor to store custom values using scripts,Unsigned 32 bits integer type sensor to store custom values using scripts
16440,SENSOR_U32_USER_DEFINED_51,Unsigned 32 bits integer type sensor to store custom values using scripts,Unsigned 32 bits integer type sensor to store custom values using scripts
16441,SENSOR_U32_USER_DEFINED_52,Unsigned 32 bits integer type sensor to store custom values using scripts,Unsigned 32 bits integer type sensor to store custom values using scripts
16442,SENSOR_U32_USER_DEFINED_53,Unsigned 32 bits integer type sensor to store custom values using scripts,Unsigned 32 bits integer type sensor to store custom values using scripts
16443,SENSOR_U32_USER_DEFINED_54,Unsigned 32 bits integer type sensor to store custom values using scripts,Unsigned 32 bits integer type sensor to store custom values using scripts
16444,SENSOR_U32_USER_DEFINED_55,Unsigned 32 bits integer type sensor to store custom values using scripts,Unsigned 32 bits integer type sensor to store custom values using scripts
16445,SENSOR_U32_USER_DEFINED_56,Unsigned 32 bits integer type sensor to store custom values using scripts,Unsigned 32 bits integer type sensor to store custom values using scripts
16446,SENSOR_U32_USER_DEFINED_57,Unsigned 32 bits integer type sensor to store custom values using scripts,Unsigned 32 bits integer type sensor to store custom values using scripts
16447,SENSOR_U32_USER_DEFINED_58,Unsigned 32 bits integer type sensor to store custom values using scripts,Unsigned 32 bits integer type sensor to store custom values using scripts
16448,SENSOR_U32_USER_DEFINED_59,Unsigned 32 bits integer type sensor to store custom values using scripts,Unsigned 32 bits integer type sensor to store custom values using scripts
16449,SENSOR_U32_USER_DEFINED_60,Unsigned 32 bits integer type sensor to store custom values using scripts,Unsigned 32 bits integer type sensor to store custom values using scripts
16450,SENSOR_U32_USER_DEFINED_61,Unsigned 32 bits integer type sensor to store custom values using scripts,Unsigned 32 bits integer type sensor to store custom values using scripts
16451,SENSOR_U32_USER_DEFINED_62,Unsigned 32 bits integer type sensor to store custom values using scripts,Unsigned 32 bits integer type sensor to store custom values using scripts
16452,SENSOR_U32_USER_DEFINED_63,Unsigned 32 bits integer type sensor to store custom values using scripts,Unsigned 32 bits integer type sensor to store custom values using scripts
16453,SENSOR_U32_USER_DEFINED_64,Unsigned 32 bits integer type sensor to store custom values using scripts,Unsigned 32 bits integer type sensor to store custom values using scripts
16454,SENSOR_U32_USER_DEFINED_65,Unsigned 32 bits integer type sensor to store custom values using scripts,Unsigned 32 bits integer type sensor to store custom values using scripts
16455,SENSOR_U32_USER_DEFINED_66,Unsigned 32 bits integer type sensor to store custom values using scripts,Unsigned 32 bits integer type sensor to store custom values using scripts
16456,SENSOR_U32_USER_DEFINED_67,Unsigned 32 bits integer type sensor to store custom values using scripts,Unsigned 32 bits integer type sensor to store custom values using scripts
16457,SENSOR_U32_USER_DEFINED_68,Unsigned 32 bits integer type sensor to store custom values using scripts,Unsigned 32 bits integer type sensor to store custom values using scripts
16458,SENSOR_U32_USER_DEFINED_69,Unsigned 32 bits integer type sensor to store custom values using scripts,Unsigned 32 bits integer type sensor to store custom values using scripts
16459,SENSOR_U32_USER_DEFINED_70,Unsigned 32 bits integer type sensor to store custom values using scripts,Unsigned 32 bits integer type sensor to store custom values using scripts
16460,SENSOR_U32_USER_DEFINED_71,Unsigned 32 bits integer type sensor to store custom values using scripts,Unsigned 32 bits integer type sensor to store custom values using scripts
16461,SENSOR_U32_USER_DEFINED_72,Unsigned 32 bits integer type sensor to store custom values using scripts,Unsigned 32 bits integer type sensor to store custom values using scripts
16462,SENSOR_U32_USER_DEFINED_73,Unsigned 32 bits integer type sensor to store custom values using scripts,Unsigned 32 bits integer type sensor to store custom values using scripts
16463,SENSOR_U32_USER_DEFINED_74,Unsigned 32 bits integer type sensor to store custom values using scripts,Unsigned 32 bits integer type sensor to store custom values using scripts
16464,SENSOR_U32_USER_DEFINED_75,Unsigned 32 bits integer type sensor to store custom values using scripts,Unsigned 32 bits integer type sensor to store custom values using scripts
16465,SENSOR_U32_USER_DEFINED_76,Unsigned 32 bits integer type sensor to store custom values using scripts,Unsigned 32 bits integer type sensor to store custom values using scripts
16466,SENSOR_U32_USER_DEFINED_77,Unsigned 32 bits integer type sensor to store custom values using scripts,Unsigned 32 bits integer type sensor to store custom values using scripts
16467,SENSOR_U32_USER_DEFINED_78,Unsigned 32 bits integer type sensor to store custom values using scripts,Unsigned 32 bits integer type sensor to store custom values using scripts
16468,SENSOR_U32_USER_DEFINED_79,Unsigned 32 bits integer type sensor to store custom values using scripts,Unsigned 32 bits integer type sensor to store custom values using scripts
16469,SENSOR_TICKS_FROM_RESET,Internally calculated 1 s ticks from last reset,Internally calculated 1 s ticks from last reset
16470,SENSOR_RECEIVED_CAN,Counter of received messages from CAN bus,Counter of received messages from barramento CAN
16471,SENSOR_MISSED_CAN,Counter of missed messages from CAN bus,Counter of missed messages from barramento CAN
16472,SENSOR_CAN_1_BIT_RATE,-,-
16473,SENSOR_CAN_2_BIT_RATE,-,-
16474,SENSOR_TOTAL_FUEL_USED_HIGH_RES,FMS High resolution engine total fuel used: 0 to 4211081.215 L,FMS High resolution motor total combustível used: 0 to 4211081.215 L
16475,SENSOR_TACHO_ODOMETER,Odometer from tachograph,odômetro from tachograph
16476,SENSOR_SLOT_1_TIME,Slot 1 time from tachograph,Slot 1 time from tachograph
16477,SENSOR_SLOT_2_TIME,Slot 2 time from tachograph,Slot 2 time from tachograph
16478,SENSOR_SLOT_1_DISTANCE,Slot 1 distance from tachograph,Slot 1 distance from tachograph
16479,SENSOR_SLOT_2_DISTANCE,Slot 2 distance from tachograph,Slot 2 distance from tachograph
16480,SENSOR_LAST_REGISTRATION_TIME,Timestamp of last successful data registration,Timestamp of last successful data registro
16481,SENSOR_ID_WIEGAND_26,Wiegand ID read using wiegand26 protocol,Wiegand ID read using wiegand26 protocol
16482,SENSOR_TOTAL_DISTANCE_HIGH_RES,FMS High Resolution Vehicle Distance: 0 to 21055406 m,FMS High Resolution Vehicle Distance: 0 to 21055406 m
16483,SENSOR_AXLE_WEIGHT,FMS Axle Location [LS 8bits] and Axle Weight [MS 24bits]: 0 to 32127.5 kg,FMS Axle Location [LS 8bits] and Axle Weight [MS 24bits]: 0 to 32127.5 kg
16484,SENSOR_TIME_OF_HARVESTING,-,-
16485,SENSOR_HARVESTED_AREA,-,-
16486,SENSOR_TACHOGRAPH_TIMESTAMP,-,-
16487,SENSOR_TICKS_FROM_RESET_MS,Internally calculated 1 ms ticks from last reset,Internally calculated 1 ms ticks from last reset
16488,SENSOR_IDLE_TOTAL_FUEL_USED,Engine total idle fuel used: 0 to 2105540607.5 L,motor total idle combustível used: 0 to 2105540607.5 L
16489,SENSOR_IDLE_TOTAL_HOURS,Engine total idle hours: 0 to 0 to 210554060.75 h,motor total idle horas: 0 to 0 to 210554060.75 h
16490,SENSOR_AXES_OVERFLOW_COUNTER,Accelerometer data buffer overflow counter,Acelerômetro data buffer overflow counter
16491,SENSOR_NTP_TIME,Unix time reported by NTP server,Unix time reported by NTP server
16492,SENSOR_GNSS_TIME,Unix time reported by GNSS receiver,Unix time reported by GNSS receiver
16493,SENSOR_SCRIPT_1_ID,Script identifier,Script identifier
16494,SENSOR_SCRIPT_2_ID,Script identifier,Script identifier
16495,SENSOR_SCRIPT_3_ID,Script identifier,Script identifier
20480,SENSOR_IBUTTON_ID,-,-
20481,SENSOR_U64_USER_DEFINED_0,Unsigned 64 bits integer type sensor to store custom values using scripts,Unsigned 64 bits integer type sensor to store custom values using scripts
20482,SENSOR_U64_USER_DEFINED_1,Unsigned 64 bits integer type sensor to store custom values using scripts,Unsigned 64 bits integer type sensor to store custom values using scripts
20483,SENSOR_U64_USER_DEFINED_2,Unsigned 64 bits integer type sensor to store custom values using scripts,Unsigned 64 bits integer type sensor to store custom values using scripts
20484,SENSOR_TEMPERATURE_ID_1,Temperature sensor ID from 1-wire,temperatura sensor ID from 1-wire
20485,SENSOR_TEMPERATURE_ID_2,Temperature sensor ID from 1-wire,temperatura sensor ID from 1-wire
20486,SENSOR_TEMPERATURE_ID_3,Temperature sensor ID from 1-wire,temperatura sensor ID from 1-wire
20487,SENSOR_TEMPERATURE_ID_4,Temperature sensor ID from 1-wire,temperatura sensor ID from 1-wire
20488,SENSOR_TELL_TALE_STATUS_0,FMS Tell Tale Status: FMS1. (Bit Field),FMS Tell Tale Status: FMS1. (Bit Field)
20489,SENSOR_TELL_TALE_STATUS_1,FMS Tell Tale Status: FMS1. (Bit Field),FMS Tell Tale Status: FMS1. (Bit Field)
20490,SENSOR_TELL_TALE_STATUS_2,FMS Tell Tale Status: FMS1. (Bit Field),FMS Tell Tale Status: FMS1. (Bit Field)
20491,SENSOR_TELL_TALE_STATUS_3,FMS Tell Tale Status: FMS1. (Bit Field),FMS Tell Tale Status: FMS1. (Bit Field)
20492,SENSOR_TELL_TALE_STATUS_4,FMS Tell Tale Status: FMS1. (Bit Field),FMS Tell Tale Status: FMS1. (Bit Field)
20493,SENSOR_TRAILER_ID,J1939,J1939
20494,SENSOR_FMS_TACHOGRAPH,Tachograph : TCO1 in FMS Standard,Tachograph : TCO1 in FMS Standard
20495,SENSOR_TIRE_CONDITION,J1939,J1939
24576,SENSOR_S8_USER_DEFINED_0,Signed 8 bits integer type sensor to store custom values using scripts,Signed 8 bits integer type sensor to store custom values using scripts
24577,SENSOR_S8_USER_DEFINED_1,Signed 8 bits integer type sensor to store custom values using scripts,Signed 8 bits integer type sensor to store custom values using scripts
24578,SENSOR_S8_USER_DEFINED_2,Signed 8 bits integer type sensor to store custom values using scripts,Signed 8 bits integer type sensor to store custom values using scripts
24579,SENSOR_S8_USER_DEFINED_3,Signed 8 bits integer type sensor to store custom values using scripts,Signed 8 bits integer type sensor to store custom values using scripts
24580,SENSOR_S8_USER_DEFINED_4,Signed 8 bits integer type sensor to store custom values using scripts,Signed 8 bits integer type sensor to store custom values using scripts
24581,SENSOR_S8_USER_DEFINED_5,Signed 8 bits integer type sensor to store custom values using scripts,Signed 8 bits integer type sensor to store custom values using scripts
24582,SENSOR_S8_USER_DEFINED_6,Signed 8 bits integer type sensor to store custom values using scripts,Signed 8 bits integer type sensor to store custom values using scripts
24583,SENSOR_S8_USER_DEFINED_7,Signed 8 bits integer type sensor to store custom values using scripts,Signed 8 bits integer type sensor to store custom values using scripts
24584,SENSOR_S8_USER_DEFINED_8,Signed 8 bits integer type sensor to store custom values using scripts,Signed 8 bits integer type sensor to store custom values using scripts
24585,SENSOR_S8_USER_DEFINED_9,Signed 8 bits integer type sensor to store custom values using scripts,Signed 8 bits integer type sensor to store custom values using scripts
28672,SENSOR_AXES_X,1/4096 multiplier,1/4096 multiplier
28673,SENSOR_AXES_Y,1/4096 multiplier,1/4096 multiplier
28674,SENSOR_AXES_Z,1/4096 multiplier,1/4096 multiplier
28675,SENSOR_ALTITUDE,Altitude value in meters above sea level received from GNSS,Altitude value in meters above sea level received from GNSS
28676,SENSOR_S16_USER_DEFINED_0,Signed 16 bits integer type sensor to store custom values using scripts,Signed 16 bits integer type sensor to store custom values using scripts
28677,SENSOR_S16_USER_DEFINED_1,Signed 16 bits integer type sensor to store custom values using scripts,Signed 16 bits integer type sensor to store custom values using scripts
28678,SENSOR_S16_USER_DEFINED_2,Signed 16 bits integer type sensor to store custom values using scripts,Signed 16 bits integer type sensor to store custom values using scripts
28679,SENSOR_S16_USER_DEFINED_3,Signed 16 bits integer type sensor to store custom values using scripts,Signed 16 bits integer type sensor to store custom values using scripts
28680,SENSOR_S16_USER_DEFINED_4,Signed 16 bits integer type sensor to store custom values using scripts,Signed 16 bits integer type sensor to store custom values using scripts
28681,SENSOR_S16_USER_DEFINED_5,Signed 16 bits integer type sensor to store custom values using scripts,Signed 16 bits integer type sensor to store custom values using scripts
28682,SENSOR_S16_USER_DEFINED_6,Signed 16 bits integer type sensor to store custom values using scripts,Signed 16 bits integer type sensor to store custom values using scripts
28683,SENSOR_S16_USER_DEFINED_7,Signed 16 bits integer type sensor to store custom values using scripts,Signed 16 bits integer type sensor to store custom values using scripts
28684,SENSOR_S16_USER_DEFINED_8,Signed 16 bits integer type sensor to store custom values using scripts,Signed 16 bits integer type sensor to store custom values using scripts
28685,SENSOR_S16_USER_DEFINED_9,Signed 16 bits integer type sensor to store custom values using scripts,Signed 16 bits integer type sensor to store custom values using scripts
28686,SENSOR_CELLULAR_TEMPERATURE,Temperature read from cell module in degrees (C),temperatura read from cell module in degrees (C)
28687,SENSOR_LOCAL_TIME_ZONE,"Local time zone, expressed in quarters of an hour. Range: -48 to +56","Local time zone, expressed in quarters of an horas. Range: -48 to +56"
32768,SENSOR_S32_USER_DEFINED_0,Signed 32 bits integer type sensor to store custom values using scripts,Signed 32 bits integer type sensor to store custom values using scripts
32769,SENSOR_S32_USER_DEFINED_1,Signed 32 bits integer type sensor to store custom values using scripts,Signed 32 bits integer type sensor to store custom values using scripts
32770,SENSOR_S32_USER_DEFINED_2,Signed 32 bits integer type sensor to store custom values using scripts,Signed 32 bits integer type sensor to store custom values using scripts
32771,SENSOR_S32_USER_DEFINED_3,Signed 32 bits integer type sensor to store custom values using scripts,Signed 32 bits integer type sensor to store custom values using scripts
32772,SENSOR_S32_USER_DEFINED_4,Signed 32 bits integer type sensor to store custom values using scripts,Signed 32 bits integer type sensor to store custom values using scripts
32773,SENSOR_S32_USER_DEFINED_5,Signed 32 bits integer type sensor to store custom values using scripts,Signed 32 bits integer type sensor to store custom values using scripts
32774,SENSOR_S32_USER_DEFINED_6,Signed 32 bits integer type sensor to store custom values using scripts,Signed 32 bits integer type sensor to store custom values using scripts
32775,SENSOR_S32_USER_DEFINED_7,Signed 32 bits integer type sensor to store custom values using scripts,Signed 32 bits integer type sensor to store custom values using scripts
32776,SENSOR_S32_USER_DEFINED_8,Signed 32 bits integer type sensor to store custom values using scripts,Signed 32 bits integer type sensor to store custom values using scripts
32777,SENSOR_S32_USER_DEFINED_9,Signed 32 bits integer type sensor to store custom values using scripts,Signed 32 bits integer type sensor to store custom values using scripts
40960,SENSOR_TEMPERATURE,"Temperature from 1-wire sensor, 60 s delay after failure","temperatura from 1-wire sensor, 60 s delay após failure"
40961,SENSOR_ACCELERATION,"positive values for acceleration, negative for braking","positive values for acceleration, negative for braking"
40962,SENSOR_CORNERING,"positive values when turning one direction, negative - other direction","positive values when turning one direction, negative - other direction"
40963,SENSOR_F32_USER_DEFINED_0,Floating point (32bit) type sensor to store custom values using scripts,Floating point (32bit) type sensor to store custom values using scripts
40964,SENSOR_F32_USER_DEFINED_1,Floating point (32bit) type sensor to store custom values using scripts,Floating point (32bit) type sensor to store custom values using scripts
40965,SENSOR_F32_USER_DEFINED_2,Floating point (32bit) type sensor to store custom values using scripts,Floating point (32bit) type sensor to store custom values using scripts
40966,SENSOR_F32_USER_DEFINED_3,Floating point (32bit) type sensor to store custom values using scripts,Floating point (32bit) type sensor to store custom values using scripts
40967,SENSOR_F32_USER_DEFINED_4,Floating point (32bit) type sensor to store custom values using scripts,Floating point (32bit) type sensor to store custom values using scripts
40968,SENSOR_F32_USER_DEFINED_5,Floating point (32bit) type sensor to store custom values using scripts,Floating point (32bit) type sensor to store custom values using scripts
40969,SENSOR_F32_USER_DEFINED_6,Floating point (32bit) type sensor to store custom values using scripts,Floating point (32bit) type sensor to store custom values using scripts
40970,SENSOR_F32_USER_DEFINED_7,Floating point (32bit) type sensor to store custom values using scripts,Floating point (32bit) type sensor to store custom values using scripts
40971,SENSOR_F32_USER_DEFINED_8,Floating point (32bit) type sensor to store custom values using scripts,Floating point (32bit) type sensor to store custom values using scripts
40972,SENSOR_F32_USER_DEFINED_9,Floating point (32bit) type sensor to store custom values using scripts,Floating point (32bit) type sensor to store custom values using scripts
40973,SENSOR_F32_USER_DEFINED_10,Floating point (32bit) type sensor to store custom values using scripts,Floating point (32bit) type sensor to store custom values using scripts
40974,SENSOR_F32_USER_DEFINED_11,Floating point (32bit) type sensor to store custom values using scripts,Floating point (32bit) type sensor to store custom values using scripts
40975,SENSOR_F32_USER_DEFINED_12,Floating point (32bit) type sensor to store custom values using scripts,Floating point (32bit) type sensor to store custom values using scripts
40976,SENSOR_F32_USER_DEFINED_13,Floating point (32bit) type sensor to store custom values using scripts,Floating point (32bit) type sensor to store custom values using scripts
40977,SENSOR_F32_USER_DEFINED_14,Floating point (32bit) type sensor to store custom values using scripts,Floating point (32bit) type sensor to store custom values using scripts
40978,SENSOR_F32_USER_DEFINED_15,Floating point (32bit) type sensor to store custom values using scripts,Floating point (32bit) type sensor to store custom values using scripts
40979,SENSOR_F32_USER_DEFINED_16,Floating point (32bit) type sensor to store custom values using scripts,Floating point (32bit) type sensor to store custom values using scripts
40980,SENSOR_F32_USER_DEFINED_17,Floating point (32bit) type sensor to store custom values using scripts,Floating point (32bit) type sensor to store custom values using scripts
40981,SENSOR_F32_USER_DEFINED_18,Floating point (32bit) type sensor to store custom values using scripts,Floating point (32bit) type sensor to store custom values using scripts
40982,SENSOR_F32_USER_DEFINED_19,Floating point (32bit) type sensor to store custom values using scripts,Floating point (32bit) type sensor to store custom values using scripts
40983,SENSOR_TEMPERATURE_1,Temperature from 1-wire sensor,temperatura from 1-wire sensor
40984,SENSOR_TEMPERATURE_2,Temperature from 1-wire sensor,temperatura from 1-wire sensor
40985,SENSOR_TEMPERATURE_3,Temperature from 1-wire sensor,temperatura from 1-wire sensor
40986,SENSOR_TEMPERATURE_4,Temperature from 1-wire sensor,temperatura from 1-wire sensor
40987,SENSOR_FUEL_INSTANT,Fuel instant consumption form CAN bus,combustível instant consumption form barramento CAN
40988,SENSOR_BOARD_TEMPERATURE,Temperature measured on devices board ie thermistor or discrete temperature sensor,temperatura measured on devices board ie thermistor or discrete temperatura sensor
45056,SENSOR_GNSS_LONGITUDE,-,-
45057,SENSOR_GNSS_LATITUDE,-,-
45058,SENSOR_DISTANCE,Odometer from GNSS,odômetro from GNSS
49152,SENSOR_STRING_1,Max string size - 254,Max string size - 254
49153,SENSOR_STRING_2,Max string size - 254,Max string size - 254
49154,SENSOR_STRING_3,Max string size - 254,Max string size - 254
49155,SENSOR_STRING_4,Max string size - 254,Max string size - 254
49156,SENSOR_SCRIPT_1_NAME,-,-
49157,SENSOR_SCRIPT_2_NAME,-,-
49158,SENSOR_SCRIPT_3_NAME,-,-
49159,SENSOR_IMEI,Cell module IMEI. Value becomes available right after first cell module boot after software reset.,Cell module IMEI. Value becomes disponível right após first cell module boot após software reset.
49160,SENSOR_APN_NAME,Currently used APN name,atualmente used APN name
49161,SENSOR_APN_USER,Currently used APN user,atualmente used APN user
49162,SENSOR_APN_PASSWORD,Currently used APN password,atualmente used APN password
49163,SENSOR_PREFERED_IP,-,-
49164,SENSOR_SERVER_1_NAME,-,-
49165,SENSOR_SERVER_2_NAME,-,-
49166,SENSOR_SOCKET_TYPE,-,-
49167,SENSOR_SERVER_SMS_NUMBER,-,-
49168,SENSOR_DEBUG_SMS_NUMBER,-,-
49169,SENSOR_ALARM_SMS_NUMBER,-,-
49170,SENSOR_FIRMWARE_VERSION,-,-
49171,SENSOR_IMSI,SIM card IMSI number. Value becomes available right after first cell module boot when SIM card is present.,SIM card IMSI number. Value becomes disponível right após first cell module boot when SIM card is present.
49172,SENSOR_ICCID,SIM card ICCID. Value becomes available right after first cell module boot when SIM card is present.,SIM card ICCID. Value becomes disponível right após first cell module boot when SIM card is present.
49173,SENSOR_DTC,FMS Diagnostic trouble codes. Buffer is filled during telemetry packet generation,Códigos de Falha do Veículo (DTC – FMS) preenchidos durante a geração do pacote de telemetria
49174,SENSOR_DRIVER_1_ID,Card ID inserted into 1st tachograph slot,Card ID inserted into 1st tachograph slot
49175,SENSOR_DRIVER_2_ID,Card ID inserted into 2nd tachograph slot,Card ID inserted into 2nd tachograph slot
49176,SENSOR_ISOBUS_NAME,ISOBUS implement NAME as described in EN11783-5,ISOBUS implement NAME as described in EN11783-5
49177,SENSOR_NETWORK_INFO,"This sensor indicates network information such as the access technology selected, the operator, and the band selected.","This sensor indicates rede information such as the access technology selected, the operator, and the band selected."
49178,SENSOR_MODEM_FIRMWARE_VERSION,-,-
49179,SENSOR_VIN_D8,-,-
49180,SENSOR_DTCO_VERSION,-,-
49181,SENSOR_VIN_PLATE_CAN,-,-
49182,SENSOR_BT_FIRMWARE_VERSION,-,-
53248,SENSOR_GNSS_COORDINATES,"16 bytes of data in following order: Latitude (float), Longitude (float), Speed (16 bits unsigned), HDOP (8 bits unsigned, value has to be divided by 10), Satellites (8 bits unsigned), Course (16 bits unsigned), Altitude (16 bits signed)","16 bytes of data in following order: Latitude (float), Longitude (float), velocidade (16 bits unsigned), HDOP (8 bits unsigned, value has to be divided by 10), Satellites (8 bits unsigned), Course (16 bits unsigned), Altitude (16 bits signed)"
61431,-,-,-
61432,SENSOR_ISOBUS_IMPLEMENT_1,BCE_IOTM protocol. Annex B. Specific structure parsing for ISOBUS messages ,BCE_IOTM protocol. Annex B. Specific structure parsing for ISOBUS messages
61433,SENSOR_ISOBUS_IMPLEMENT_2,BCE_IOTM protocol. Annex B. Specific structure parsing for ISOBUS messages ,BCE_IOTM protocol. Annex B. Specific structure parsing for ISOBUS messages
61434,SENSOR_ISOBUS_IMPLEMENT_3,BCE_IOTM protocol. Annex B. Specific structure parsing for ISOBUS messages ,BCE_IOTM protocol. Annex B. Specific structure parsing for ISOBUS messages
61435,SENSOR_ISOBUS_IMPLEMENT_4,BCE_IOTM protocol. Annex B. Specific structure parsing for ISOBUS messages ,BCE_IOTM protocol. Annex B. Specific structure parsing for ISOBUS messages
61436,SENSOR_ISOBUS_IMPLEMENT_5,BCE_IOTM protocol. Annex B. Specific structure parsing for ISOBUS messages ,BCE_IOTM protocol. Annex B. Specific structure parsing for ISOBUS messages
61437,SENSOR_ISOBUS_IMPLEMENT_6,BCE_IOTM protocol. Annex B. Specific structure parsing for ISOBUS messages ,BCE_IOTM protocol. Annex B. Specific structure parsing for ISOBUS messages
61438,SENSOR_ISOBUS_IMPLEMENT,"Legacy, not used","Legado, não utilizado"
